{"head":["a2x",30,640,1136,"#ffffff"],"_$1":[4,1,0,0,"Times%20New%20Roman",30,"#000000",1,38,"%E5%8F%8C%E6%8C%87%E7%BC%A9%E6%94%BE%E6%97%8B%E8%BD%AC%E7%A7%BB%E5%8A%A8",0,0,0],"_$2":[3,[[1,0,["#000000",1],[0,150.100006,259.5,1,150.100006,522.900024,1,413.5,522.900024,1,413.5,259.5,1,150.100006,259.5]]]],"_$3":{"t":1,"tf":1,"f":[{"i":0,"c":{"1":{"o":1,"at":0,"tr":[-281.799988,-391.200012,1,1,0,0]}}}],"c":["_$2"]},"A2x":{"t":1,"tf":1,"f":[{"i":0,"c":{"1":{"o":1,"at":0,"tr":[193.75,186.050003,1,1,0,0],"w":256.5,"h":37.25},"2":{"o":2,"at":1,"tr":[320,568,1,1,0,0],"al":1,"m":0}}}],"c":["_$1","_$3"],"n":{"1":"test_mc"}}}